{
  "success":true,
  "terms":"https:\/\/currencylayer.com\/terms",
  "privacy":"https:\/\/currencylayer.com\/privacy",
  "timestamp":1526337727,
  "source":"USD",
  "quotes":{
    "USDAED":3.672498,
    "USDAFN":71.010002,
    "USDALL":105.900002,
    "USDAMD":484.799988,
    "USDANG":1.790005,
    "USDAOA":229.813004,
    "USDARS":24.948029,
    "USDAUD":1.327799,
    "USDAWG":1.78,
    "USDAZN":1.699499,
    "USDBAM":1.641599,
    "USDBBD":2,
    "USDBDT":83.019997,
    "USDBGN":1.631498,
    "USDBHD":0.376902,
    "USDBIF":1750.97998,
    "USDBMD":1,
    "USDBND":1.322198,
    "USDBOB":6.860179,
    "USDBRL":3.620798,
    "USDBSD":1,
    "USDBTC":0.000115,
    "USDBTN":67.250022,
    "USDBWP":9.789302,
    "USDBYN":1.990129,
    "USDBYR":19600,
    "USDBZD":1.997804,
    "USDCAD":1.279798,
    "USDCDF":1565.49759,
    "USDCHF":1.00031,
    "USDCLF":0.02288,
    "USDCLP":625.030029,
    "USDCNY":6.335902,
    "USDCOP":2834.199951,
    "USDCRC":561.750283,
    "USDCUC":1,
    "USDCUP":26.5,
    "USDCVE":92.429818,
    "USDCZK":21.370899,
    "USDDJF":176.899994,
    "USDDKK":6.243699,
    "USDDOP":49.389999,
    "USDDZD":115.304001,
    "USDEGP":17.780001,
    "USDERN":15.290292,
    "USDETB":27.219999,
    "USDEUR":0.838025,
    "USDFJD":2.058496,
    "USDFKP":0.736903,
    "USDGBP":0.73739,
    "USDGEL":2.433403,
    "USDGGP":0.73743,
    "USDGHS":4.524033,
    "USDGIP":0.737201,
    "USDGMD":46.849998,
    "USDGNF":8993.999753,
    "USDGTQ":7.335999,
    "USDGYD":206.490005,
    "USDHKD":7.849597,
    "USDHNL":23.701014,
    "USDHRK":6.184016,
    "USDHTG":63.869999,
    "USDHUF":264.170013,
    "USDIDR":13965,
    "USDILS":3.589604,
    "USDIMP":0.73743,
    "USDINR":67.549004,
    "USDIQD":1184,
    "USDIRR":41999.999769,
    "USDISK":102.300003,
    "USDJEP":0.73743,
    "USDJMD":124.370003,
    "USDJOD":0.708704,
    "USDJPY":109.661003,
    "USDKES":100.050003,
    "USDKGS":68.380603,
    "USDKHR":4021.800049,
    "USDKMF":409.600006,
    "USDKPW":899.999763,
    "USDKRW":1068.939941,
    "USDKWD":0.301098,
    "USDKYD":0.819945,
    "USDKZT":328.01001,
    "USDLAK":8323.599609,
    "USDLBP":1505.699951,
    "USDLKR":157.949997,
    "USDLRD":132.000212,
    "USDLSL":12.280287,
    "USDLTL":3.048699,
    "USDLVL":0.62055,
    "USDLYD":1.346798,
    "USDMAD":9.362502,
    "USDMDL":16.43798,
    "USDMGA":3209.999891,
    "USDMKD":51.330002,
    "USDMMK":1331.000198,
    "USDMNT":2394.000336,
    "USDMOP":8.084702,
    "USDMRO":353.999975,
    "USDMUR":34.299999,
    "USDMVR":15.439843,
    "USDMWK":713.450012,
    "USDMXN":19.582796,
    "USDMYR":3.948024,
    "USDMZN":59.470001,
    "USDNAD":12.316006,
    "USDNGN":359.999715,
    "USDNIO":31.020271,
    "USDNOK":8.03628,
    "USDNPR":107.300003,
    "USDNZD":1.445703,
    "USDOMR":0.384801,
    "USDPAB":1,
    "USDPEN":3.256504,
    "USDPGK":3.252501,
    "USDPHP":52.502853,
    "USDPKR":115.470001,
    "USDPLN":3.580797,
    "USDPYG":5561.999636,
    "USDQAR":3.639797,
    "USDRON":3.874097,
    "USDRSD":98.528603,
    "USDRUB":61.827999,
    "USDRWF":846.409973,
    "USDSAR":3.750294,
    "USDSBD":7.7978,
    "USDSCR":13.635962,
    "USDSDG":17.955202,
    "USDSEK":8.635899,
    "USDSGD":1.33573,
    "USDSHP":0.737203,
    "USDSLL":7799.999911,
    "USDSOS":561.99956,
    "USDSRD":7.39479,
    "USDSTD":20538.099609,
    "USDSVC":8.750139,
    "USDSYP":514.97998,
    "USDSZL":12.326297,
    "USDTHB":31.879999,
    "USDTJS":8.950603,
    "USDTMT":3.4,
    "USDTND":2.495698,
    "USDTOP":2.313399,
    "USDTRY":4.356974,
    "USDTTD":6.720502,
    "USDTWD":29.731001,
    "USDTZS":2275.999725,
    "USDUAH":26.160056,
    "USDUGX":3703.999856,
    "USDUSD":1,
    "USDUYU":30.190001,
    "USDUZS":8000.000232,
    "USDVEF":69824.999636,
    "USDVND":22764,
    "USDVUV":107.190002,
    "USDWST":2.588202,
    "USDXAF":549.330017,
    "USDXAG":0.060544,
    "USDXAU":0.000761,
    "USDXCD":2.70406,
    "USDXDR":0.698285,
    "USDXOF":549.330017,
    "USDXPF":100.020364,
    "USDYER":249.899994,
    "USDZAR":12.323991,
    "USDZMK":9001.19847,
    "USDZMW":9.909728,
    "USDZWL":322.355011
  }
}